95_high,95_low,median,mutant,n_loops,n_muts,seq,width
4.0972097209720975,2.5985598559855987,3.1980198019801978,12HeptA4T,77.0,1.0,CACTGTGCTACAGACTGGAACAAAAACC,1.4986498649864988
3.7974797479747973,2.7983798379837985,3.2979297929792977,12SpacG11T,184.0,1.0,CACAGTGCTACAGACTGTAACAAAAACC,0.9990999099909987
2.6984698469846986,1.8991899189918993,2.298829882988299,WT12rss,162.0,0.0,CACAGTGCTACAGACTGGAACAAAAACC,0.7992799279927993
