95_high,95_low,median,mutant,n_loops,n_muts,seq,width
3.997299729972997,3.098109810981098,3.4977497749774975,12SpacG11T,239.0,1.0,CACAGTGCTACAGACTGTAACAAAAACC,0.8991899189918993
