95_high,95_low,hmgb1,median,mutant,n_loops,n_muts,seq,width
3.7974797479747973,1.8991899189918993,40.0,2.6984698469846986,12SpacG11T,37.0,1.0,CACAGTGCTACAGACTGTAACAAAAACC,1.898289828982898
3.7974797479747973,2.7983798379837985,80.0,3.2979297929792977,12SpacG11T,184.0,1.0,CACAGTGCTACAGACTGTAACAAAAACC,0.9990999099909987
13.688568856885688,5.196219621962196,160.0,8.093609360936092,12SpacG11T,18.0,1.0,CACAGTGCTACAGACTGTAACAAAAACC,8.492349234923491
