,bs_10_high,bs_10_low,bs_25_high,bs_25_low,bs_50_high,bs_50_low,bs_5_high,bs_5_low,bs_75_high,bs_75_low,bs_95_high,bs_95_low,hmgb1,loops_per_bead,mutant,n_beads,n_loops,salt
0,0.21857142857142858,0.21428571428571427,0.22285714285714286,0.21000000000000002,0.23142857142857143,0.20285714285714285,0.21857142857142858,0.21571428571428572,0.19285714285714287,0.24285714285714285,0.26142857142857145,0.17714285714285713,80.0,0.21714285714285714,V4-57-1,700.0,152.0,Mg
